total_trades,total_pnl,win_rate,annual_return,sharpe_ratio,max_drawdown,profit_factor
1113,30790.607210005874,0.5768194070080862,10.461645845074088,0.00374645139701903,-0.10349056692356465,2.6322112309279375
