total_trades,total_pnl,win_rate,annual_return,sharpe_ratio,max_drawdown,profit_factor
253,10219.118553977161,0.3715415019762846,3.491611835210626,1.0144341472083118,-6.624836108663516,2.2509961592398766
